e_number,title,synonyms,functions
E100,Curcumin,"E100, Curcumin, Turmeric extract, curcuma extract, turmeric color",colour
E1000,Cholic acid,"E1000, Cholic acid",
E1001,Choline salt,"E1001, Choline salt",
E101,Riboflavin,"E101, Riboflavin, Vitamin B2, Flavaxin, Vitamin B 2, Vitamin G, Riboflavine, Lactoflavine, Lactoflavin",colour
E101A,Riboflavin-5'-phosphate,"E101A, E101a, Riboflavin-5'-phosphate",
E101I,Riboflavin,"E101i, Riboflavin, Vitamin B2",colour
E101II,Riboflavin-5′-phosphate,"E101ii, Riboflavin-5′-phosphate, phosphate lactoflavina",colour
E102,Tartrazine,"E102, Tartrazine, Yellow 5, Yellow number 5, Yellow no 5, Yellow no5, FD&C Yellow 5, FD&C Yellow no 5, FD&C Yellow no5, FD and C Yellow no. 5, FD and C Yellow 5, Yellow 5 lake",colour
E103,Alkannin,"E103, Alkannin",
E104,Quinoline yellow,"E104, Quinoline yellow, Quinoline Yellow WS, C.I. 47005, Food Yellow 13",colour
E105,Fast Yellow AB,"E105, Fast Yellow AB",
E106,flavin mononucleotide,"E106, flavin mononucleotide",
E107,Yellow 2G,"E107, Yellow 2G",
E110,Sunset yellow FCF,"E110, Sunset yellow FCF, CI Food Yellow 3, Orange Yellow S, FD&C Yellow 6, FD & C Yellow No.6, FD and C Yellow No. 6, Yellow No.6, Yellow 6, FD and C Yellow 6, C.I. 15985, Yellow 6 lake, Sunset Yellow",colour
E1100,Alpha-Amylase,"E1100, Alpha-Amylase, amylase, E-1100, E 1100",
E1101,Protease,"E1101, Protease, peptidase, proteinase, EC 3.4, E-1101, E 1101",stabiliser
E1102,Glucose oxidase,"E1102, Glucose oxidase",antioxidant
E1103,Invertase,"E1103, Invertase",stabiliser
E1104,lipase,"E1104, lipase",
E1105,Lysozyme,"E1105, Lysozyme, Lysozyme hydrochloride, E 1105, E-1105",preservative
E111,Orange GGN,"E111, Orange GGN, Alpha-naphthol, Alpha-naphtol, alpha-naphthol orange",
E120,Cochineal,"E120, Cochineal, carminic acid, carmines, Natural Red 4, Cochineal Red",colour
E1200,Polydextrose,"E1200, Polydextrose, 68424-04-4","humectant, stabiliser, thickener"
E1201,Polyvinylpyrrolidone,"E1201, Polyvinylpyrrolidone, Povidone, PVP","emulsifier, stabiliser, thickener"
E1202,Polyvinylpolypyrrolidone,"E1202, Polyvinylpolypyrrolidone, Crospovidone, Cross-linked polyvidone",stabiliser
E1203,Polyvinyl alcohol,"E1203, Polyvinyl alcohol, Vinyl alcohol polymer, PVOH, PVAl",thickener
E1204,Pullulan,"E1204, Pullulan, Linear",thickener
E1205,Basic methacrylate copolymer,"E1205, Basic methacrylate copolymer",
E1206,Neutral methacrylate copolymer,"E1206, Neutral methacrylate copolymer",
E1207,Anionic methacrylate copolymer,"E1207, Anionic methacrylate copolymer",
E1208,Polyvinylpyrrolidone-vinyl acetate copolymer,"E1208, Polyvinylpyrrolidone-vinyl acetate copolymer",
E1209,Polyvinyl alcohol-polyethylene glycol-graft-co-polymer,"E1209, Polyvinyl alcohol-polyethylene glycol-graft-co-polymer",
E121,Citrus Red 2,"E121, Citrus Red 2",
E1210,Carbomer,"E1210, Carbomer",
E122,Azorubine,"E122, Azorubine, carmoisine, Food Red 3, Brillantcarmoisin O, Acid Red 14, Azorubin S, C.I. 14720",colour
E123,Amaranth,"E123, Amaranth, FD&C Red 2",colour
E124,Ponceau 4r,"E124, Ponceau 4r, cochineal red a, CI Food Red 7, Brilliant Scarlet 4R, Ponceau",colour
E125,Scarlet GN,"E125, Scarlet GN, C.I. Food Red 1, Ponceau SX, FD&C Red No. 4, C.I. 14700",
E126,Ponceau 6R,"E126, Ponceau 6R",
E127,Erythrosine,"E127, Erythrosine, FD&C Red 3, FD & C Red No.3, Red No. 3, FD&C Red no3, FD and C Red 3, Red 3, Red 3 lake",colour
E128,Red 2G,"E128, Red 2G",colour
E129,Allura red,"E129, Allura red, Allura red ac, Allura Red AC, FD&C Red 40, FD and C Red 40, Red 40, Red no40, Red no. 40, FD and C Red no. 40, Food Red 17, C.I. 16035, Red 40 lake",colour
E130,Indanthrene blue RS,"E130, Indanthrene blue RS, Indanthrone blue, indanthrene",
E131,Patent blue v,"E131, Patent blue v, Food Blue 5, Sulphan Blue, Acid Blue 3, L-Blau 3, C-Blau 20, Patentblau V, Sky Blue, C.I. 42051",
E132,Indigotine,"E132, Indigotine, indigo carmine, FD&C Blue 2, FD and C Blue 2, C.I. Food Blue 2, Blue 2 lake, Blue 2",colour
E133,Brilliant blue FCF,"E133, Brilliant blue FCF, FD&C Blue 1, FD and C Blue 1, Blue 1, fd&c blue no. 1, Blue 1 lake",colour
E140,Chlorophylls and Chlorophyllins,"E140, Chlorophylls and Chlorophyllins",colour
E1400,Dextrin,"E1400, Dextrin","carrier, emulsifier, stabiliser, thickener"
E1401,Acid-treated modified starch,"E1401, Acid-treated modified starch","emulsifier, stabiliser, thickener"
E1402,Alkaline modified starch,"E1402, Alkaline modified starch","emulsifier, stabiliser, thickener"
E1403,Bleached starch,"E1403, Bleached starch","emulsifier, stabiliser, thickener"
E1404,Oxidised starch,"E1404, Oxidised starch","emulsifier, stabiliser, thickener"
E1405,Enzyme treated starch,"E1405, Enzyme treated starch","emulsifier, stabiliser, thickener"
E140I,Chlorophylls,"E140i, Chlorophylls, CI Natural Green 3, Magnesium Chlorophyll, chlorophyll",colour
E140II,Chlorophyllins,"E140ii, Chlorophyllins, CI Natural Green 5, Sodium Chlorophyllin",colour
E141,Copper complexes of chlorophylls and chlorophyllins,"E141, Copper complexes of chlorophylls and chlorophyllins, Copper complexes of chlorophyll and chlorophyllins",colour
E1410,Monostarch phosphate,"E1410, Monostarch phosphate","emulsifier, stabiliser, thickener"
E1411,Distarch glycerol,"E1411, Distarch glycerol","emulsifier, stabiliser, thickener"
E1412,Distarch phosphate,"E1412, Distarch phosphate","emulsifier, stabiliser, thickener"
E1413,Phosphated distarch phosphate,"E1413, Phosphated distarch phosphate","emulsifier, stabiliser, thickener"
E1414,Acetylated distarch phosphate,"E1414, Acetylated distarch phosphate","emulsifier, stabiliser, thickener"
E141I,Copper complexes of chlorophylls,"E141i, Copper complexes of chlorophylls, CI Natural Green 3, Copper Chlorophyll",colour
E141II,Copper complexes of chlorophyllins,"E141ii, Copper complexes of chlorophyllins, Sodium Copper Chlorophyllin, Potassium Copper Chlorophyllin, Copper Chlorophyllin",colour
E142,Green s,"E142, Green s, CI Food Green 4",
E1420,Acetylated starch,"E1420, Acetylated starch","emulsifier, stabiliser, thickener"
E1421,Acetylated starch,"E1421, Acetylated starch, mono starch acetate, Starch acetate esterified with vinyl acetate","emulsifier, stabiliser, thickener"
E1422,Acetylated distarch adipate,"E1422, Acetylated distarch adipate","emulsifier, stabiliser, thickener"
E143,Fast Green FCF,"E143, Fast Green FCF, Food green 3, C.I. 42053, Solid Green FCF, Green 1724, FD&C Green No. 3, Green 3",colour
E1440,Hydroxypropyl starch,"E1440, Hydroxypropyl starch","emulsifier, stabiliser, thickener"
E1441,Hydroxy propyl distarch glycerine,"E1441, Hydroxy propyl distarch glycerine","emulsifier, stabiliser, thickener"
E1442,Hydroxypropyl distarch phosphate,"E1442, Hydroxypropyl distarch phosphate","emulsifier, stabiliser, thickener"
E1450,Starch sodium octenyl succinate,"E1450, Starch sodium octenyl succinate","emulsifier, stabiliser, thickener"
E1451,Acetylated oxidised starch,"E1451, Acetylated oxidised starch","emulsifier, stabiliser, thickener"
E1452,Starch aluminium octenyl succinate,"E1452, Starch aluminium octenyl succinate","emulsifier, stabiliser, thickener"
E14XX,Modified Starch,"E14XX, Modified Starch","emulsifier, stabiliser, thickener"
E150,Caramel,"E150, Caramel",
E1503,Castor oil,"E1503, Castor oil","carrier, emulsifier"
E1504,ethyl acetate,"E1504, ethyl acetate, ethyl ethanoate",carrier
E1505,Triethyl citrate,"E1505, Triethyl citrate, triethyl 2-hydroxypropane-1‚2‚3-tricarboxylate","carrier, emulsifier, sequestrant, stabiliser"
E150A,Plain caramel,"E150a, Plain caramel, caramel color, caramel coloring",colour
E150B,Caustic sulphite caramel,"E150b, Caustic sulphite caramel, caramel E150b",colour
E150C,Ammonia caramel,"E150c, Ammonia caramel, baker's caramel, confectioner's caramel, beer caramel, Caramel Color Ammonia, Caramel Color",colour
E150D,Sulphite ammonia caramel,"E150d, Sulphite ammonia caramel, Sulfite ammonia caramel, Caramel Colour Ammonium Sulphite Process, Colour Sulphite Ammonia Caramel, Colour E150d, Food Colour 150d, CAS 8028-89-5, acid-proof caramel, soft-drink caramel",colour
E151,Brilliant black bn,"E151, Brilliant black bn, black pn, E 151, C.I. 28440, Brilliant Black PN, Food Black 1, Naphthol Black, C.I. Food Brown 1, Brilliant Black A",colour
E1510,Ethanol,"E1510, Ethanol, ethyl alcohol, Methylcarbinol, Ethyl hydroxide, Ethyl hydrate",
E1517,Glyceryl diacetate,"E1517, Glyceryl diacetate",
E1518,Glyceryl triacetate,"E1518, Glyceryl triacetate, Triacetin, glycerin triacetate, 1‚2‚3-triacetoxypropane","carrier, emulsifier, humectant"
E1519,Benzyl alcohol,"E1519, Benzyl alcohol, Phenylcarbinol, Phenylmethyl alcohol, Benzenemethanol",
E152,Black 7984,"E152, Black 7984, Food Black 2, carbon black",
E1520,Propylene Glycol,"E1520, Propylene Glycol, Propane-1‚2-diol, Propan-1‚2-diol","emulsifier, humectant"
E1521,Polyethylene glycol,"E1521, Polyethylene glycol",
E153,Vegetable carbon,"E153, Vegetable carbon",
E154,Brown FK,"E154, Brown FK, Kipper Brown",
E155,Brown ht,"E155, Brown ht, Chocolate brown HT",colour
E160,Carotenoids,"E160, Carotenoids",
E160A,carotene,"E160a, carotene",colour
E160AI,Beta-carotene,"E160ai, Beta-carotene",colour
E160AII,Plant carotenes,"E160aii, Plant carotenes",colour
E160AIII,Beta-carotene from blakeslea trispora,"E160aiii, Beta-carotene from blakeslea trispora",colour
E160AIV,Algal carotenes,"E160aiv, Algal carotenes",colour
E160B,Annatto,"E160b, Annatto, bixin, norbixin, roucou, achiote, annatto norbixin, annatto bixin, Orlean, Terre orellana, L. Orange, CI Natural Orange 4",colour
E160BI,Annatto bixin,"E160bi, Annatto bixin, Bixin",colour
E160BII,Annatto norbixin,"E160bii, Annatto norbixin, Norbixin",colour
E160C,Paprika extract,"E160c, Paprika extract, capsanthin, capsorubin, Paprika oleoresin, oleoresin of paprika, oleoresin paprika, paprika color, colored with paprika",colour
E160D,Lycopene,"E160d, Lycopene",colour
E160E,Beta-apo-8′-carotenal (c30),"E160e, Beta-apo-8′-carotenal (c30), Apocarotenal, Beta-apo-8'-carotenal, C.I. Food orange 6, E number 160E, Trans-beta-apo-8'-carotenal, C30H40O",colour
E160F,Ethyl ester of beta-apo-8'-carotenic acid (C 30),"E160f, Ethyl ester of beta-apo-8'-carotenic acid (C 30), Ethyl ester of beta-apo-8'-carotenic acid, Food orange 7",colour
E161,Xanthophylls,"E161, Xanthophylls",
E161B,Lutein,"E161b, Lutein, Mixed Carotenoids, Xanthophyll, tagete extract",colour
E161C,Cryptoaxanthin,"E161c, Cryptoaxanthin, Cryptoxanthin",
E161G,Canthaxanthin,"E161g, Canthaxanthin",colour
E161H,Zeaxanthin,"E161h, Zeaxanthin",colour
E161J,Astaxanthin,"E161j, Astaxanthin",
E162,Beetroot red,"E162, Beetroot red, betanin",colour
E163,Anthocyanins,"E163, Anthocyanins, Anthocyanin",colour
E163C,Malvidin,"E163c, Malvidin",colour
E164,saffron,"E164, saffron, Gardenia Yellow",
E165,Gardenia Blue,"E165, Gardenia Blue",
E166,Sandalwood,"E166, Sandalwood",
E170,Calcium carbonates,"E170, Calcium carbonates",
E170I,Calcium carbonate,"E170i, Calcium carbonate, CI Pigment White 18, Chalk","colour, stabiliser"
E170II,Calcium hydrogen carbonate,"E170ii, Calcium hydrogen carbonate, Calcium bicarbonate, Calcium acid carbonate",
E171,Titanium dioxide,"E171, Titanium dioxide",colour
E172,Iron oxides and iron hydroxides,"E172, Iron oxides and iron hydroxides",colour
E172I,Black iron oxide,"E172i, Black iron oxide",colour
E172II,Red iron oxide,"E172ii, Red iron oxide, iron(III) oxide, ferric oxide",colour
E172III,Yellow iron oxide,"E172iii, Yellow iron oxide",colour
E173,Aluminium,"E173, Aluminium, Aluminum, element 13",
E174,Silver,"E174, Silver, element 47",
E175,Gold,"Edible gold, E175, Gold, Pigment Metal 3, element 79",
E180,Litholrubine bk,"E180, Litholrubine bk, CI Pigment Red 57, Rubinpigment, Pigment Rubine, Lithol rubine bk",
E181,Tannin,"E181, Tannin","colour, emulsifier, stabiliser, thickener"
E182,Orcein,"E182, Orcein",
E200,Sorbic acid,"E200, Sorbic acid",preservative
E201,Sodium sorbate,"E201, Sodium sorbate, sodium (E‚E)-hexa-2‚4-dienoate",preservative
E202,Potassium sorbate,"E202, Potassium sorbate",preservative
E203,Calcium sorbate,"E203, Calcium sorbate",preservative
E209,Heptylparaben,"E209, Heptylparaben",
E210,Benzoic acid,"E210, Benzoic acid",preservative
E211,Sodium benzoate,"E211, Sodium benzoate",preservative
E212,Potassium benzoate,"E212, Potassium benzoate",preservative
E213,Calcium benzoate,"E213, Calcium benzoate",preservative
E214,Ethyl p-hydroxybenzoate,"E214, Ethyl p-hydroxybenzoate, Ethylparaben, ethyl para-hydroxybenzoate",preservative
E215,Sodium ethyl p-hydroxybenzoate,"E215, Sodium ethyl p-hydroxybenzoate",
E216,Propyl para-hydroxybenzoate,"E216, Propyl para-hydroxybenzoate, Sodium Salt of Propyl-p-hydroxy Benzoic Acid, Propylparaben",
E217,Sodium propyl para-hydroxybenzoate,"E217, Sodium propyl para-hydroxybenzoate",
E218,Methyl p-hydroxybenzoate,"E218, Methyl p-hydroxybenzoate, Methylparaben, methyl 4-hydroxybenzoate",preservative
E219,Sodium methyl p-hydroxybenzoate,"E219, Sodium methyl p-hydroxybenzoate, sodium methylparaben",
E220,Sulphur dioxide,"E220, Sulphur dioxide, Sulfur dioxide","antioxidant, preservative"
E221,Sodium sulphite,"E221, Sodium sulphite, Sodium sulfite","antioxidant, preservative"
E222,Sodium bisulphite,"E222, Sodium bisulphite, Sodium bisulfite","antioxidant, preservative"
E223,Sodium metabisulphite,"E223, Sodium metabisulphite, Pyrosulphite, Sodium metabisulfite, Pyrosulfite","antioxidant, preservative"
E224,Potassium metabisulphite,"E224, Potassium metabisulphite, Potassium metabisulfite","antioxidant, preservative"
E225,Calcium Disulphite,"E225, Calcium Disulphite, Calcium Disulfite, Calcium Pyrosulphite, Calcium Pyrosulfite, Potassium sulfite, Potassium sulphite","antioxidant, preservative"
E226,Calcium sulphite,"E226, Calcium sulphite, Calcium sulfite",
E227,Calcium bisulphite,"E227, Calcium bisulphite, Calcium bisulfite",
E228,Potassium bisulphite,"E228, Potassium bisulphite, Potassium bisulfite",
E230,Biphenyl,"E230, Biphenyl, diphenyl, (C6H5)2",preservative
E231,Orthophenyl phenol,"E231, Orthophenyl phenol, 2-hydroxybiphenyl",preservative
E232,Sodium orthophenyl phenol,"E232, Sodium orthophenyl phenol",preservative
E233,Thiabendazole,"E233, Thiabendazole",
E234,Nisin,"E234, Nisin",preservative
E235,Natamycin,"E235, Natamycin, Pimaracin",preservative
E236,Formic acid,"E236, Formic acid, methanoic acid",
E237,Sodium formiate,"E237, Sodium formiate, Sodium formate",
E238,Calcium formiate,"E238, Calcium formiate, calcium formate",
E239,Hexamethylene tetramine,"E239, Hexamethylene tetramine, Hexamine, hexamethylenetetramine",preservative
E240,Formaldehyde,"E240, Formaldehyde, methanal",
E241,Gum Guaicum,"E241, Gum Guaicum",
E242,Dimethyl dicarbonate,"E242, Dimethyl dicarbonate, DMDC, methoxycarbonyl methyl carbonate, dicarbonic acid dimethyl ester, Velcorin",preservative
E243,Ethyl lauroyl arginate,"E243, Ethyl lauroyl arginate",preservative
E246,Glycolipids,"E246, Glycolipids",
E249,Potassium nitrite,"E249, Potassium nitrite",preservative
E250,Sodium nitrite,"E250, Sodium nitrite, NaNO2",preservative
E251,Sodium nitrate,"E251, Sodium nitrate",preservative
E252,Potassium nitrate,"E252, Potassium nitrate",preservative
E260,Acetic acid,"E260, Acetic acid, ethanoic acid",preservative
E261,Potassium acetate,"E261, Potassium acetate",preservative
E262,Sodium acetates,"E262, Sodium acetates","preservative, sequestrant"
E262I,Sodium acetate,"E262i, Sodium acetate","preservative, sequestrant"
E262II,Sodium diacetate,"E262ii, Sodium diacetate","preservative, sequestrant"
E263,Calcium acetate,"E263, Calcium acetate","preservative, stabiliser"
E264,Ammonium acetate,"E264, Ammonium acetate",
E265,Dehydroacetic acid,"E265, Dehydroacetic acid",
E266,Sodium dehydroacetate,"E266, Sodium dehydroacetate",
E267,Buffered vinegar,"E267, Buffered vinegar",
E270,Lactic acid,"E270, Lactic acid, milk acid, 2-Hydroxypropanoic acid",
E280,Propionic acid,"E280, Propionic acid, Propanoic acid, CH3CH2COOH",preservative
E281,Sodium propionate,"E281, Sodium propionate",preservative
E282,calcium propionate,"E282, calcium propionate, calcium propanoate, cal. pro., cal.pro.",preservative
E283,Potassium propionate,"E283, Potassium propionate, Potassium propanoate",preservative
E284,Boric acid,"E284, Boric acid, Boracic acid, Orthoboric acid",
E285,Sodium tetraborate (borax),"E285, Sodium tetraborate (borax), borax, sodium borate, sodium tetraborate, disodium tetraborate",
E290,Carbon dioxide,"E290, Carbon dioxide, Carbonic acid gas, Fermentation carbon dioxide, Spring carbon dioxide, Gärungskohlensäure, Natürliche Quellkohlensäure, Quellkohlensäure","preservative, propellent-gas"
E296,Malic acid,"E296, Malic acid, hydroxybutanedioic acid, l-malic acid",
E297,Fumaric acid,"E297, Fumaric acid, trans-Butenedioic acid",
E300,Ascorbic acid,"E300, Ascorbic acid, l-ascorbic acid, Synonyms L-xylo-Ascorbic acid","antioxidant, sequestrant"
E301,Sodium ascorbate,"E301, Sodium ascorbate, Sodium L-ascorbate",antioxidant
E302,Calcium ascorbate,"E302, Calcium ascorbate",antioxidant
E303,Potassium ascorbate,"E303, Potassium ascorbate",
E304,Fatty acid esters of ascorbic acid,"E304, Fatty acid esters of ascorbic acid, ascorbic acid esters of fatty acid",antioxidant
E304I,Ascorbyl palmitate,"E304i, Ascorbyl palmitate, L-Ascorbyl Palmitate",antioxidant
E304II,Ascorbyl stearate,"E304ii, Ascorbyl stearate, E305",antioxidant
E306,Tocopherol-rich extract,"E306, Tocopherol-rich extract, Tocopherols, natural tocopherols, mixed tocopherols, natural mixed tocopherols",
E307,Alpha-tocopherol,"E307, Alpha-tocopherol",
E307A,D-Alpha-tocopherol,"E307a, D-Alpha-tocopherol",antioxidant
E307B,concentrated tocopherol,"E307b, concentrated tocopherol",antioxidant
E307C,DL-Alpha-tocopherol,"E307c, DL-Alpha-tocopherol",antioxidant
E308,Gamme-tocopherol,"E308, Gamme-tocopherol, gamma-Tocopherol",
E309,Delta-tocopherol,"E309, Delta-tocopherol, δ-tocopherol",
E310,Propyl gallate,"E310, Propyl gallate, Propyl ester of gallic acid",antioxidant
E311,Octyl gallate,"E311, Octyl gallate, Octyl ester of gallic acid",
E312,Dodecyl gallate,"E312, Dodecyl gallate",
E313,Ethyl gallate,"E313, Ethyl gallate",
E314,Guaiacum,"E314, Guaiacum",antioxidant
E315,Erythorbic acid,"E315, Erythorbic acid, Isoascorbic acid",antioxidant
E316,sodium erythorbate,"E316, sodium erythorbate",antioxidant
E317,Erythorbin acid,"E317, Erythorbin acid",
E318,Calcium erythorbin,"E318, Calcium erythorbin",
E319,Tertiary-butylhydroquinone (tbhq),"E319, Tertiary-butylhydroquinone (tbhq), Tert-butyl-1‚4-benzenediol, Butylhydroxinon, TBHQ, Tert-Butylhydroquinone, tertiary butylhydroquinone",antioxidant
E320,Butylated hydroxyanisole (bha),"E320, Butylated hydroxyanisole (bha), Butylated hydroxyanisole, BHA",antioxidant
E321,Butylated hydroxytoluene,"E321, Butylated hydroxytoluene, BHT, 2‚6-Ditertiary-butyl-p-cresol, bht added to preserve freshness",antioxidant
E322,Lecithins,"E322, Lecithins, Phosphatides","antioxidant, emulsifier"
E322A,Oat lecithin,"E322a, Oat lecithin",
E322I,Lecithin,"E322i, Lecithin","antioxidant, emulsifier"
E322II,Partially hydrolyzed lecithin,"E322ii, Partially hydrolyzed lecithin","antioxidant, emulsifier"
E323,Anoxomer,"E323, Anoxomer",
E324,Ethoxyquin,"E324, Ethoxyquin",
E325,sodium lactate,"E325, sodium lactate","antioxidant, emulsifier, humectant, thickener"
E326,potassium lactate,"E326, potassium lactate","antioxidant, emulsifier, humectant"
E327,calcium lactate,"E327, calcium lactate",thickener
E328,ammonium lactate,"E328, ammonium lactate",
E329,Magnesium lactate,"E329, Magnesium lactate",
E330,Citric acid,"E330, Citric acid","antioxidant, sequestrant"
E331,Sodium citrates,"E331, Sodium citrates","emulsifier, sequestrant, stabiliser"
E331I,Monosodium citrate,"E331i, Monosodium citrate","emulsifier, sequestrant, stabiliser"
E331II,Disodium citrate,"E331ii, Disodium citrate","emulsifier, sequestrant, stabiliser"
E331III,Trisodium citrate,"E331iii, Trisodium citrate",
E332,Potassium citrates,"E332, Potassium citrates","sequestrant, stabiliser"
E332I,Monopotassium citrate,"E332i, Monopotassium citrate","sequestrant, stabiliser"
E332II,Tripotassium citrate,"E332ii, Tripotassium citrate, potassium citrate","sequestrant, stabiliser"
E333,Calcium citrates,"E333, Calcium citrates, Calcium citrate, Calcium salts of citric acid","sequestrant, stabiliser"
E333I,Monocalcium citrate,"E333i, Monocalcium citrate","sequestrant, stabiliser"
E333II,Dicalcium citrate,"E333ii, Dicalcium citrate","sequestrant, stabiliser"
E333III,Tricalcium citrate,"E333iii, Tricalcium citrate","sequestrant, stabiliser"
E334,L(+)-tartaric acid,"E334, L(+)-tartaric acid, tartaric acid, 2‚3-dihydroxybutanedioic acid, 2‚3-dihydroxysuccinic acid, threaric acid, racemic acid, uvic acid, paratartaric acid","antioxidant, sequestrant"
E335,Sodium tartrates,"E335, Sodium tartrates","sequestrant, stabiliser"
E335I,Monosodium tartrate,"E335i, Monosodium tartrate","sequestrant, stabiliser"
E335II,Disodium tartrate,"E335ii, Disodium tartrate","sequestrant, stabiliser"
E336,Potassium tartrates,"E336, Potassium tartrates",
E336I,Monopotassium tartrate,"E336i, Monopotassium tartrate, monopotassic tartrate, Potassium bitartrate, potassium hydrogen tartrate, cream of tartar",
E336II,Dipotassium tartrate,"E336ii, Dipotassium tartrate, dipotassic tartrate, Potassium tartrate",
E337,Potassium sodium tartrate,"E337, Potassium sodium tartrate","sequestrant, stabiliser"
E338,Phosphoric acid,"E338, Phosphoric acid, Orthophosphoric acid, phosphoricV acid","antioxidant, sequestrant"
E339,Sodium phosphates,"E339, Sodium phosphates, sodium phosphate","emulsifier, humectant, preservative, sequestrant, stabiliser, thickener"
E339I,Monosodium phosphate,"E339i, Monosodium phosphate, Monosodium monophosphate, Acid monosodium monophosphate, Monosodium orthophosphate, Monobasic sodium phosphate","emulsifier, humectant, preservative, sequestrant, stabiliser, thickener"
E339II,Disodium phosphate,"E339ii, Disodium phosphate, Disodium monophosphate, Secondary sodium phosphate","emulsifier, humectant, preservative, sequestrant, stabiliser, thickener"
E339III,Trisodium phosphate,"E339iii, Trisodium phosphate, Tribasic sodium phosphate","emulsifier, humectant, preservative, sequestrant, stabiliser, thickener"
E340,Potassium phosphates,"E340, Potassium phosphates, potassium phosphate, E 340, E-340","emulsifier, humectant, sequestrant, stabiliser, thickener"
E340I,Monopotassium phosphate,"E340i, Monopotassium phosphate, Monobasic potassium phosphate, Monopotassium monophosphate, E 340i, E-340i, E340 i","emulsifier, humectant, sequestrant, stabiliser, thickener"
E340II,Dipotassium phosphate,"E340ii, Dipotassium phosphate, Dipotassium monophosphate, Secondary potassium phosphate, Dipotassium orthophosphate, E 340ii, E-340ii, E340 ii","emulsifier, humectant, sequestrant, stabiliser, thickener"
E340III,Tripotassium phosphate,"E340iii, Tripotassium phosphate, tripotassium phosphate, E 340iii, E340 iii, E-340iii, Tribasic potassium phosphate","emulsifier, humectant, sequestrant, stabiliser, thickener"
E341,Calcium phosphates,"E341, Calcium phosphates, calcium phosphate, calcium phosphates, E 341, E-341","emulsifier, humectant, sequestrant, stabiliser, thickener"
E341I,Monocalcium phosphate,"E341i, Monocalcium phosphate, Monobasic calcium phosphate, mono-calcium phosphate, monocalcium phosphate, E 341i, E-341i, E341 i","emulsifier, humectant, sequestrant, stabiliser, thickener"
E341II,Dicalcium phosphate,"E341ii, Dicalcium phosphate, Dibasic calcium phosphate, di-calcium phosphate, dicalcium phosphate, E 341ii, E-341ii, E341 ii","emulsifier, humectant, sequestrant, stabiliser, thickener"
E341III,Tricalcium phosphate,"E341iii, Tricalcium phosphate, Tricalciumphosphate, tri-calcium phosphate, tricalcium phosphate, E 341iii, E-341iii, E341 iii","emulsifier, humectant, sequestrant, stabiliser, thickener"
E342,Ammonium phosphate,"E342, Ammonium phosphate, monoammonium phosphate, diammonium phosphate","stabiliser, thickener"
E343,Magnesium phosphates,"E343, Magnesium phosphates, magnesium phosphates, E 343, E-343","stabiliser, thickener"
E343I,Monomagnesium phosphate,"E343i, Monomagnesium phosphate, Magnesiumdihydrogenphosphate, Magnesiumphosphate, monobasic, magnesium phosphate","stabiliser, thickener"
E343II,Dimagnesium phosphate,"E343ii, Dimagnesium phosphate, Magnesiumhydrogenphosphate, Magnesiumphosphate - dibasic, Dimagnesium orthophosphate, magnesium hydrogen phosphate, dimagnesium phosphate, E 343ii, E-343ii, E343 ii","stabiliser, thickener"
E344,Lecithin citrate,"E344, Lecithin citrate",
E345,Magnesium citrate,"E345, Magnesium citrate",
E349,ammonium malate,"E349, ammonium malate",
E350,Sodium malates,"E350, Sodium malates",humectant
E350I,Sodium malate,"E350i, Sodium malate",humectant
E350II,Sodium hydrogen malate,"E350ii, Sodium hydrogen malate",humectant
E351,Potassium malate,"E351, Potassium malate",
E352,Calcium malates,"E352, Calcium malates",
E352I,Calcium malate,"E352i, Calcium malate",
E353,Metatartaric acid,"E353, Metatartaric acid",
E354,Calcium tartrate,"E354, Calcium tartrate",
E355,Adipic acid,"E355, Adipic acid, Hexanedioic acid",
E356,Sodium adipate,"E356, Sodium adipate",
E357,Potassium adipate,"E357, Potassium adipate",
E359,ammonium adipate,"E359, ammonium adipate",
E363,Succinic acid,"E363, Succinic acid, Asuccin, Amber acid, 1/2-Ethanedicarboxylic acid, Butanedioic acid, Bernsteinsaeure, Ethylenesuccinic acid, Spirit of amber, Butanedionic acid, Bernsteinsaure, Succinate, Butandisaeure, Dihydrofumaric acid, Acidum succinicum, Acide butanedioique, Acide succinique",
E365,Sodium fumarate,"E365, Sodium fumarate",
E366,Potassium fumarate,"E366, Potassium fumarate",
E367,Calcium fumarate,"E367, Calcium fumarate",
E369,Alanin,"E369, Alanin",
E370,1‚4-Heptonolactone,"E370, 1‚4-Heptonolactone",
E375,Nicotinic acid,"E375, Nicotinic acid, Niacin, Nicotinamide",
E380,Triammonium citrate,"E380, Triammonium citrate",
E381,ferric ammonium citrate,"E381, ferric ammonium citrate, ammonium ferric citrate",
E383,calcium glycerophosphate,"E383, calcium glycerophosphate",
E384,Isopropyl citrates,"E384, Isopropyl citrates","antioxidant, preservative, sequestrant"
E385,Calcium disodium ethylenediaminetetraacetate,"E385, Calcium disodium ethylenediaminetetraacetate, Calcium disodium EDTA, Calcium disodium ethylene diamine tetra-acetate, calcium disodium EDTA, calcium-dinatrium-EDTA, E-385, E 385","antioxidant, preservative, sequestrant"
E386,Disodium ethylenediaminetetraacetate (Disodium EDTA),"E386, Disodium ethylenediaminetetraacetate, Disodium EDTA",
E387,Oxystearin,"E387, Oxystearin",
E388,Thiodipropionic acid,"E388, Thiodipropionic acid",antioxidant
E389,Dilauryl thiodipropionate,"E389, Dilauryl thiodipropionate",
E390,Distearyl thiodipropionate,"E390, Distearyl thiodipropionate",
E391,Phytic acid,"E391, Phytic acid",
E392,Extracts of rosemary,"E392, Extracts of rosemary, rosemary extract",
E399,Calcium lactobionate,"E399, Calcium lactobionate",
E400,Alginic acid,"E400, Alginic acid","carrier, emulsifier, humectant, sequestrant, stabiliser, thickener"
E401,sodium alginate,"E401, sodium alginate","carrier, emulsifier, humectant, sequestrant, stabiliser, thickener"
E402,Potassium alginate,"E402, Potassium alginate","carrier, emulsifier, humectant, sequestrant, stabiliser, thickener"
E403,Ammonium alginate,"E403, Ammonium alginate","carrier, emulsifier, humectant, sequestrant, stabiliser, thickener"
E404,Calcium alginate,"E404, Calcium alginate","carrier, humectant, sequestrant, stabiliser, thickener"
E405,Propane-1‚2-diol alginate,"E405, Propane-1‚2-diol alginate, Propylene glycol alginate","carrier, emulsifier, stabiliser, thickener"
E406,Agar,"E406, Agar, Gelose, Kanten, Bengal, Ceylon, Chinese or Japanese isinglass, agar-agar, agar agar","carrier, emulsifier, humectant, stabiliser, thickener"
E407,Carrageenan,"E407, Carrageenan, e407 stabilizer","carrier, emulsifier, humectant, stabiliser, thickener"
E407A,Processed eucheuma seaweed,"E407a, Processed eucheuma seaweed","carrier, emulsifier, humectant, stabiliser, thickener"
E408,Bakers yeast glycan,"E408, Bakers yeast glycan",
E409,Arabinogalactan,"E409, Arabinogalactan",
E410,Locust bean gum,"E410, Locust bean gum, Carob bean gum, Carob gum, garrofin gum, peruvian carob gum","emulsifier, stabiliser, thickener"
E411,Oat gum,"E411, Oat gum",
E412,Guar gum,"E412, Guar gum, Gum cyamopsis, guar flour","emulsifier, stabiliser, thickener"
E413,Tragacanth,"E413, Tragacanth, Tragacanth gum","emulsifier, stabiliser, thickener"
E414,Acacia gum,"E414, Acacia gum, gum arabic, gum acacia, arabic gum, Gum arabic, E-414, E 414, INS414, INS 414","carrier, emulsifier, stabiliser, thickener"
E415,Xanthan gum,"E415, Xanthan gum, xanthan, E-415, e 415","emulsifier, stabiliser, thickener"
E416,Karaya-gum,"E416, Karaya-gum, Katilo, Kadaya, Gum sterculia, Sterculia, Karaya, gum karaya, Kullo","emulsifier, stabiliser, thickener"
E417,Tara gum,"E417, Tara gum","stabiliser, thickener"
E418,Gellan gum,"E418, Gellan gum, gellan, E-418, E 418, INS418, INS-418, INS 418","stabiliser, thickener"
E419,Gum ghatti,"E419, Gum ghatti","stabiliser, thickener"
E420,Sorbitol,"E420, Sorbitol, glucitol","humectant, sequestrant, stabiliser, sweetener, thickener"
E420I,D-sorbitol,"E420i, D-sorbitol, D-glucitol","humectant, sequestrant, stabiliser, sweetener, thickener"
E420II,Sorbitol syrup,"E420ii, Sorbitol syrup","humectant, sequestrant, stabiliser, sweetener, thickener"
E421,Mannitol,"E421, Mannitol","humectant, stabiliser, sweetener, thickener"
E422,Glycerol,"E422, Glycerol, Glycerin, Glycerine, vegetable glycerine","humectant, thickener"
E424,Curdlan,"E424, Curdlan","stabiliser, thickener"
E425,Konjac,"E425, Konjac","carrier, emulsifier, humectant, stabiliser, thickener"
E425I,Konjac gum,"E425i, Konjac gum, Konjak gum","carrier, emulsifier, humectant, stabiliser, thickener"
E425II,Konjac glucomannan,"E425ii, Konjac glucomannan","carrier, emulsifier, humectant, stabiliser, thickener"
E426,Soybean hemicellulose,"E426, Soybean hemicellulose",
E427,Cassia gum,"E427, Cassia gum","emulsifier, stabiliser, thickener"
E428,Gelatine,"E428, Gelatine, gelatin",
E429,peptone,"E429, peptone, tryptone",
E430,Polyoxyethylene (8) stearate,"E430, Polyoxyethylene (8) stearate",emulsifier
E431,Polyoxyethylene (40) stearate,"E431, Polyoxyethylene (40) stearate, Polyoxyl (40) stearate",emulsifier
E432,Polyoxyethylene sorbitan monolaurate,"E432, Polyoxyethylene sorbitan monolaurate, Polysorbate 20, Alkest TW 20, Tween 20, PEG(20)sorbitan monolaurate","emulsifier, stabiliser"
E433,Polyoxyethylene sorbitan monooleate,"E433, Polyoxyethylene sorbitan monooleate, Polysorbate 80","emulsifier, stabiliser"
E434,Polyoxyethylene sorbitan monopalmitate,"E434, Polyoxyethylene sorbitan monopalmitate, Polysorbate 40",emulsifier
E435,Polyoxyethylene sorbitan monostearate,"E435, Polyoxyethylene sorbitan monostearate, Polysorbate 60","emulsifier, stabiliser"
E436,Polyoxyethylene sorbitan tristearate,"E436, Polyoxyethylene sorbitan tristearate, Polysorbate 65","emulsifier, stabiliser"
E440,Pectins,"E440, Pectins, pectin","emulsifier, stabiliser, thickener"
E440A,Pectin,"E440a, Pectin","emulsifier, stabiliser, thickener"
E440B,pectin amide,"E440b, pectin amide, amidated pectin","emulsifier, stabiliser, thickener"
E440I,non-amidated pectines,"E440i, non-amidated pectines","emulsifier, stabiliser, thickener"
E440II,Amidated pectin,"E440ii, Amidated pectin","emulsifier, stabiliser, thickener"
E441,Superglycerinated hydrogenated rapeseed oil,"E441, Superglycerinated hydrogenated rapeseed oil, Hydrogenated rapeseed oil superglycerinated, Superglycerinated fully hydrogenated rapeseed oil",
E442,Ammonium phosphatides,"E442, Ammonium phosphatides, Mixed ammonium salts of phosphorylated glycerides, Emulsifier YN, Ammonium phosphatide",emulsifier
E443,Brominated vegetable oil,"E443, Brominated vegetable oil",
E444,Sucrose acetate isobutyrate,"E444, Sucrose acetate isobutyrate","emulsifier, stabiliser"
E445,Glycerol esters of wood rosin,"E445, Glycerol esters of wood rosin, Glycerol ester of wood rosin, glyceryl abietate, ester gum","emulsifier, stabiliser"
E446,Succistearin,"E446, Succistearin",
E450,Diphosphates,"E450, Diphosphates, Pyrophosphate, diphosphate, E-450, e 450, e450 stabilizer","emulsifier, humectant, sequestrant, stabiliser, thickener"
E450I,Disodium diphosphate,"E450i, Disodium diphosphate, Sodium Acid Pyrophosphate, sapp, disodium dihydrogen pyrophosphate, disodium pyrophosphate, sodium acid pyrophosphate, disodium diphosphate, disodium dihydrogen diphosphate","emulsifier, humectant, sequestrant, stabiliser, thickener"
E450II,Trisodium diphosphate,"E450ii, Trisodium diphosphate, e450ii","emulsifier, humectant, sequestrant, stabiliser, thickener"
E450III,Tetrasodium diphosphate,"E450iii, Tetrasodium diphosphate, Tetrasodium pyrophosphate, Tetrasodium disphosphate, sodium pyrophosphate, TSPP, e450iii","emulsifier, humectant, sequestrant, stabiliser, thickener"
E450IV,dipotassium dihydrogenpyrophosphate,"E450iv, dipotassium dihydrogenpyrophosphate, E-450iv","emulsifier, humectant, sequestrant, stabiliser, thickener"
E450V,Tetrapotassium diphosphate,"E450v, Tetrapotassium diphosphate, tetrapotassium pyrophosphate, e450v","emulsifier, humectant, sequestrant, stabiliser, thickener"
E450VI,Dicalcium diphosphate,"E450vi, Dicalcium diphosphate, dicalcium pyrophosphate, e450vi","emulsifier, humectant, sequestrant, stabiliser, thickener"
E450VII,Calcium dihydrogen diphosphate,"E450vii, Calcium dihydrogen diphosphate, Acid calcium pyrophosphate","emulsifier, humectant, sequestrant, stabiliser, thickener"
E450VIII,Dimagnesium diphosphate,"E450VIII, E450viii, Dimagnesium diphosphate",
E451,Triphosphates,"E451, Triphosphates, triphosphate, E 451, e-451","emulsifier, humectant, sequestrant, stabiliser, thickener"
E451I,Pentasodium triphosphate,"E451i, Pentasodium triphosphate, Pentasodium tripolyphosphate, Sodium triphosphate","emulsifier, humectant, sequestrant, stabiliser, thickener"
E451II,Pentapotassium triphosphate,"E451ii, Pentapotassium triphosphate, potassium triphosphate, potassium tripolyphosphate, KTPP","emulsifier, humectant, sequestrant, stabiliser, thickener"
E452,Polyphosphates,"E452, Polyphosphates, Polyphosphate E452","emulsifier, humectant, sequestrant, stabiliser, thickener"
E452I,Sodium polyphosphate,"E452i, Sodium polyphosphate, sodium hexametaphosphate, sodium polymetaphosphate","emulsifier, humectant, sequestrant, stabiliser, thickener"
E452II,Potassium polyphosphate,"E452ii, Potassium polyphosphate, Potassium metaphosphate, Potassium polymetaphosphate","emulsifier, humectant, sequestrant, stabiliser, thickener"
E452III,Sodium calcium polyphosphate,"E452iii, Sodium calcium polyphosphate","emulsifier, humectant, sequestrant, stabiliser, thickener"
E452IV,Calcium polyphosphate,"E452iv, Calcium polyphosphate, Calcium metaphosphate","emulsifier, humectant, sequestrant, stabiliser, thickener"
E452VI,Sodium tripolyphosphate,"E452vi, Sodium tripolyphosphate","emulsifier, humectant, sequestrant, stabiliser, thickener"
E457,Alpha-Cyclodextrine,"E457, Alpha-Cyclodextrine","stabiliser, thickener"
E458,Gamma-Cyclodextrine,"E458, Gamma-Cyclodextrine","stabiliser, thickener"
E459,Beta-cyclodextrine,"E459, Beta-cyclodextrine","carrier, stabiliser, thickener"
E460,Cellulose,"E460, Cellulose, cellulose powder to prevent caking, cellulose powder added to prevent caking","carrier, emulsifier, humectant, stabiliser, thickener"
E460I,Microcrystalline cellulose,"E460i, Microcrystalline cellulose","carrier, emulsifier, humectant, stabiliser, thickener"
E460II,Powdered cellulose,"E460ii, Powdered cellulose, Purified cellulose","carrier, emulsifier, humectant, stabiliser, thickener"
E461,methyl cellulose,"E461, methyl cellulose, methylcellulose","emulsifier, stabiliser, thickener"
E462,Ethyl cellulose,"E462, Ethyl cellulose, Ethylcellulose","carrier, thickener"
E463,Hydroxypropyl cellulose,"E463, Hydroxypropyl cellulose, Hydroxypropylcellulose","emulsifier, stabiliser, thickener"
E464,Hydroxypropyl methyl cellulose,"E464, Hydroxypropyl methyl cellulose, hypromellose, hydroxypropyl methylcellulose, HPMC, hydroxypropylmethylcellulose, hydroxy propyl methyl cellulose","emulsifier, stabiliser, thickener"
E465,Ethyl methyl cellulose,"E465, Ethyl methyl cellulose, Ethylmethylcellulose","emulsifier, stabiliser, thickener"
E466,Sodium carboxy methyl cellulose,"E466, Sodium carboxy methyl cellulose, sodium carboxymethylcellulose, carboxy methyl cellulose, Carboxymethylcellulose, cellulose gum, carboxymethyl cellulose, CMC, NaCMC","emulsifier, humectant, stabiliser, thickener"
E467,Ethulose,"E467, Ethulose","emulsifier, stabiliser, thickener"
E468,Cross-linked sodium carboxymethylcellulose,"E468, Cross-linked sodium carboxymethylcellulose, cross-linked cellulose gum, Crosslinked sodium carboxy methyl cellulose","stabiliser, thickener"
E469,Enzymatically hydrolysed carboxymethylcellulose,"E469, Enzymatically hydrolysed carboxymethylcellulose, enzymatically hydrolised cellulose gum","stabiliser, thickener"
E470,Sodium/potassium/calcium and magnesium salts of fatty acids,"E470, Sodium/potassium/calcium and magnesium salts of fatty acids","emulsifier, stabiliser, thickener"
E470A,Sodium/potassium and calcium salts of fatty acids,"E470a, Sodium/potassium and calcium salts of fatty acids","emulsifier, stabiliser, thickener"
E470AI,Sodium salts of fatty acids,"E470ai, Sodium salts of fatty acids","emulsifier, stabiliser, thickener"
E470AIII,Calcium salts of fatty acids,"E470aiii, Calcium salts of fatty acids","emulsifier, stabiliser, thickener"
E470B,Magnesium salts of fatty acids,"E470b, Magnesium salts of fatty acids","emulsifier, stabiliser, thickener"
E471,Mono- and diglycerides of fatty acids,"E471, Mono- and diglycerides of fatty acids, Glyceryl monostearate, Glyceryl monopalmitate, Glyceryl monooleate, Monostearin, Monopalmitin, Monoolein, Mono and diglycerides","emulsifier, stabiliser"
E471,Mono- and diglycerides of vegetable fatty acids,,
E472,acid esters of mono- and diglycerides of fatty acids,"E472, acid esters of mono- and diglycerides of fatty acids",
E472A,Acetic acid esters of mono- and diglycerides of fatty acids,"E472a, Acetic acid esters of mono- and diglycerides of fatty acids","emulsifier, sequestrant, stabiliser"
E472B,Lactic acid esters of mono- and diglycerides of fatty acids,"E472b, Lactic acid esters of mono- and diglycerides of fatty acids","emulsifier, sequestrant, stabiliser"
E472C,Citric acid esters of mono- and diglycerides of fatty acids,"E472c, Citric acid esters of mono- and diglycerides of fatty acids","antioxidant, emulsifier, sequestrant, stabiliser"
E472D,Tartaric acid esters of mono- and diglycerides of fatty acids,"E472d, Tartaric acid esters of mono- and diglycerides of fatty acids",
E472E,Mono- and diacetyltartaric acid esters of mono- and diglycerides of fatty acids,"E472e, Mono- and diacetyltartaric acid esters of mono- and diglycerides of fatty acids, Mono- and diacetyl tartaric acid esters of mono- and diglycerides of fatty acids, DATEM, Mono- and diacetyltartaric esters of mono- and diglycerides of fatty acids, emulsifier E472e","emulsifier, sequestrant, stabiliser"
E472F,Mixed acetic and tartaric acid esters of mono- and diglycerides of fatty acids,"E472f, Mixed acetic and tartaric acid esters of mono- and diglycerides of fatty acids",
E472G,Succinylated monoglycerides,"E472g, Succinylated monoglycerides",
E473,Sucrose esters of fatty acids,"E473, Sucrose esters of fatty acids, Sucroesters, sugar ester, sucrose esters","emulsifier, stabiliser"
E473A,Oligoesters of sucrose type I,"E473a, Oligoesters of sucrose type I, Oligoesters of sucrose type II, Oligoesters of sucrose","emulsifier, stabiliser"
E474,Sucroglycerides,"E474, Sucroglycerides, Sucroglyceride",emulsifier
E475,Polyglycerol esters of fatty acids,"E475, Polyglycerol esters of fatty acids, Polyglycerol fatty acid esters","emulsifier, stabiliser"
E476,Polyglycerol polyricinoleate,"E476, Polyglycerol polyricinoleate, PGPR",emulsifier
E477,Propane-1‚2-diol esters of fatty acids,"E477, Propane-1‚2-diol esters of fatty acids",emulsifier
E478,Lactylated fatty acid esters of glycerol and propane-1,"E478, Lactylated fatty acid esters of glycerol and propane-1",
E479B,Thermally oxidised soya bean oil interacted with mono- and diglycerides of fatty acids,"E479b, Thermally oxidised soya bean oil interacted with mono- and diglycerides of fatty acids, Thermally oxidised soya bean oil interacted with mono­ and diglycerides of fatty acids",emulsifier
E481,Sodium stearoyl-2-lactylate,"E481, Sodium stearoyl-2-lactylate, Sodium stearoyl lactylate","emulsifier, stabiliser"
E482,Calcium stearoyl-2-lactylate,"E482, Calcium stearoyl-2-lactylate","emulsifier, stabiliser"
E483,Stearyl tartrate,"E483, Stearyl tartrate, Stearyl palmityl tartrate",
E484,Stearyl citrate,"E484, Stearyl citrate","antioxidant, emulsifier, sequestrant"
E486,Calcium stearoyl fumarate,"E486, Calcium stearoyl fumarate",
E487,sodium dodecyl sulfate,"E487, sodium dodecyl sulfate, sodium laurilsulfate, sodium lauryl sulfate, NaDS",
E488,Ethoxylated Mono- and Di-Glycerides,"E488, Ethoxylated Mono- and Di-Glycerides",
E489,Methyl glucoside-coconut oil ester,"E489, Methyl glucoside-coconut oil ester",
E490,Propylene glycol,"E490, Propylene glycol, 1‚2-propanediol, propane-1‚2-diol, 1‚2-dihydroxypropane, α-propylene glycol, methyl ethyl glycol, methylethylene glycol, Propan-1‚2-diol",
E491,Sorbitan monostearate,"E491, Sorbitan monostearate",emulsifier
E492,Sorbitan tristearate,"E492, Sorbitan tristearate","emulsifier, stabiliser"
E493,Sorbitan monolaurate,"E493, Sorbitan monolaurate","emulsifier, stabiliser"
E494,Sorbitan monooleate,"E494, Sorbitan monooleate","emulsifier, stabiliser"
E495,Sorbitan monopalmitate,"E495, Sorbitan monopalmitate",emulsifier
E496,Sorbitan trioleate,"E496, Sorbitan trioleate",
E500,Sodium carbonates,"E500, Sodium carbonates","stabiliser, thickener"
E500I,Sodium carbonate,"E500i, Sodium carbonate, washing soda","stabiliser, thickener"
E500II,Sodium hydrogen carbonate,"E500ii, Sodium hydrogen carbonate, Sodium bicarbonate, sodium acid carbonate, Bicarbonate of soda, baking soda","stabiliser, thickener"
E500III,Sodium sesquicarbonate,"E500iii, Sodium sesquicarbonate","stabiliser, thickener"
E501,Potassium carbonates,"E501, Potassium carbonates",stabiliser
E501I,Potassium carbonate,"E501i, Potassium carbonate",stabiliser
E501II,Potassium hydrogen carbonate,"E501ii, Potassium hydrogen carbonate, Potassium bicarbonate",stabiliser
E502,Carbonates,"E502, Carbonates",
E503,Ammonium carbonates,"E503, Ammonium carbonates",
E503I,Ammonium carbonate,"E503i, Ammonium carbonate",
E503II,Ammonium hydrogen carbonate,"E503ii, Ammonium hydrogen carbonate, Baker's ammonia, Sal volatile, Salt of hartshorn, Ammonium bicarbonate",
E504,Magnesium carbonates,"E504, Magnesium carbonates",carrier
E504I,Magnesium carbonate,"E504i, Magnesium carbonate",carrier
E504II,Magnesium hydroxide carbonate,"E504ii, Magnesium hydroxide carbonate",carrier
E505,Ferrous carbonate,"E505, Ferrous carbonate",
E507,Hydrochloric acid,"E507, Hydrochloric acid, Hydrogen chloride",
E508,Potassium chloride,"E508, Potassium chloride, Sylvine","stabiliser, thickener, preservative"
E509,Calcium chloride,"E509, Calcium chloride","stabiliser, thickener, coagulant"
E510,Ammonium chloride,"E510, Ammonium chloride, ammonia solution",
E511,Magnesium chloride,"E511, Magnesium chloride","stabiliser, coagulant"
E512,Stannous chloride,"E512, Stannous chloride, Tin chloride, TinII chloride",antioxidant
E513,Sulphuric acid,"E513, Sulphuric acid, Oil of vitriol, sulfuric acid, H2SO4",
E514,Sodium sulphates,"E514, Sodium sulphates",
E514I,Sodium sulphate,"E514i, Sodium sulphate",
E514II,Sodium hydrogen sulphate,"E514ii, Sodium hydrogen sulphate, Acid sodium sulphate, Sodium bisulphate",
E515,Potassium sulphates,"E515, Potassium sulphates, Potassium sulfates, potassium sulfate",
E515I,Potassium sulphate,"E515i, Potassium sulphate",
E515II,Potassium hydrogen sulphate,"E515ii, Potassium hydrogen sulphate, Potassium bisulphate",
E516,Calcium sulphate,"E516, Calcium sulphate, Gypsum, Selenite, Calcium sulfate, calcium sulfate added to prevent caking","sequestrant, stabiliser"
E517,Ammonium sulphate,"E517, Ammonium sulphate, ammonium sulfate",
E518,Magnesium sulphate,"E518, Magnesium sulphate, Epsom salts, magnesium sulfate",
E519,Copper sulphate,"E519, Copper sulphate, copperII sulfate",
E520,Aluminium sulphate,"E520, Aluminium sulphate, Aluminium sulfate",
E521,Aluminium sodium sulphate,"E521, Aluminium sodium sulphate, Soda alum, Sodium aluminium sulfate",
E522,Aluminium potassium sulphate,"E522, Aluminium potassium sulphate, Potassium alum, Potassium aluminium sulfate, potash alum",
E523,Aluminium ammonium sulphate,"E523, Aluminium ammonium sulphate, ammonium aluminium sulfate",stabiliser
E524,Sodium hydroxide,"E524, Sodium hydroxide, Caustic soda",
E525,Potassium hydroxide,"E525, Potassium hydroxide",
E526,Calcium hydroxide,"E526, Calcium hydroxide, Slaked lime",
E527,Ammonium hydroxide,"E527, Ammonium hydroxide, Aqua ammonia, ammonia, household ammonia, ammonia water, ammonical liquor, ammonia liquor, aqueous ammonia",
E528,Magnesium hydroxide,"E528, Magnesium hydroxide",
E529,Calcium oxide,"E529, Calcium oxide",
E530,Magnesium oxide,"E530, Magnesium oxide, magnesia",
E535,Sodium ferrocyanide,"E535, Sodium ferrocyanide, Yellow prussiate of soda",
E536,Potassium ferrocyanide,"E536, Potassium ferrocyanide, Yellow prussiate of potash",
E537,ferrous hexacyanomanganate,"E537, ferrous hexacyanomanganate",
E538,Calcium ferrocyanide,"E538, Calcium ferrocyanide, Yellow prussiate of lime",
E539,sodium thiosulfate,"E539, sodium thiosulfate","antioxidant, sequestrant"
E540,Dicalcium diphosphate,"E540, Dicalcium diphosphate",
E541,Sodium aluminium phosphate,"E541, Sodium aluminium phosphate","emulsifier, stabiliser, thickener"
E541I,Acid sodium aluminium phosphate,"E541i, Acid sodium aluminium phosphate","emulsifier, stabiliser, thickener"
E542,Bone phosphate,"E542, Bone phosphate, Bone phosphate (Essentiale Calcium Phosphate‚ Tribasic)","emulsifier, humectant"
E544,Calcium polyphosphate,"E544, Calcium polyphosphate",
E545,Ammonium polyphosphate,"E545, Ammonium polyphosphate",
E546,Magnesium pyrophosphate,"E546, Magnesium pyrophosphate",
E550,Sodium silicate,"E550, Sodium silicate, Sodium Silicates i‚ Sodium silicate (ii)‚ Sodium metasilicate",
E551,Silicon dioxide,"E551, Silicon dioxide, Silica, SiO2",carrier
E552,Calcium silicate,"E552, Calcium silicate",
E553,Magnesium silicates,"E553, Magnesium silicates, magnesium silicate",thickener
E553A,synthetic magnesium silicates,"E553a, synthetic magnesium silicates",thickener
E553B,Talc,"E553b, Talc, talcum, hydrated magnesium silicate",thickener
E554,Sodium aluminium silicate,"E554, Sodium aluminium silicate, Sodium silicoaluminate, Sodium aluminosilicate",
E555,Potassium aluminium silicate,"E555, Potassium aluminium silicate",
E556,Calcium aluminium silicate,"E556, Calcium aluminium silicate, Calcium aluminosilicate, Calcium silicoaluminate, Aluminium calcium silicate",
E557,hemimorphite,"E557, hemimorphite, calamine",
E558,Bentonite,"E558, Bentonite",
E559,Aluminium silicate,"E559, Aluminium silicate, Kaolin",
E560,Potassium silicate,"E560, Potassium silicate",
E570,Fatty acids,"E570, Fatty acids, Linear fatty acids, caprylic acid (C8), caprylic acid, capric acid (C10), capric acid, lauric acid (C12), lauric acid, myristic acid (C14), myristic acid, palmitic acid (C16), palmitic acid, stearic acid (C18), stearic acid, fatty acid",
E571,Ammonium stearate,"E571, Ammonium stearate",
E572,Magnesium stearate,"E572, Magnesium stearate",
E573,Aluminium stearate,"E573, Aluminium stearate, Aluminum stearate",
E574,Gluconic acid,"E574, Gluconic acid, D-gluconic acid",
E575,Glucono-delta-lactone,"E575, Glucono-delta-lactone, Gluconolactone, GDL, D-Gluconic acid delta-lactone",sequestrant
E576,Sodium gluconate,"E576, Sodium gluconate","sequestrant, stabiliser, thickener"
E577,Potassium gluconate,"E577, Potassium gluconate",sequestrant
E578,calcium gluconate,"E578, calcium gluconate",sequestrant
E579,iron gluconate,"E579, iron gluconate, ferrous gluconate",
E580,Magnesium Gluconate,"E580, Magnesium Gluconate",
E585,Ferrous lactate,"E585, Ferrous lactate, Iron-II lactate",
E586,4-hexylresorcinol,"E586, 4-hexylresorcinol, 4-Hexyl-1‚3-benzenediol",
E620,Glutamic acid,"E620, Glutamic acid, L-Glutamic acid",
E621,Monosodium glutamate,"E621, Monosodium glutamate, monosodium l-glutamate, Sodium glutamate, L-Glutamic acid‚ monosodium salt, Glutamate, MSG",flavour-enhancer
E622,Monopotassium glutamate,"E622, Monopotassium glutamate, Potassium glutamate",
E623,Calcium diglutamate,"E623, Calcium diglutamate",
E624,Monoammonium glutamate,"E624, Monoammonium glutamate",
E625,Magnesium diglutamate,"E625, Magnesium diglutamate",
E626,Guanylic acid,"E626, Guanylic acid, guanosine monophosphate",
E627,Disodium guanylate,"E627, Disodium guanylate, Sodium guanylate",
E628,Dipotassium guanylate,"E628, Dipotassium guanylate, Potassium guanylate",
E629,Calcium guanylate,"E629, Calcium guanylate",
E630,Inosinic acid,"E630, Inosinic acid",
E631,Disodium inosinate,"E631, Disodium inosinate, Sodium inosinate",
E632,Dipotassium inosinate,"E632, Dipotassium inosinate, Potassium inosinate",
E633,Calcium inosinate,"E633, Calcium inosinate",
E634,Calcium 5'-ribonucleotide,"E634, Calcium 5'-ribonucleotide, Calcium 5'-ribonucleotides",
E635,Disodium 5'-ribonucleotide,"E635, Disodium 5'-ribonucleotide, Disodium 5'-ribonucleotides",
E636,Maltol,"E636, Maltol",
E637,Ethyl maltol,"E637, Ethyl maltol",
E638,Sodium L-aspartate,"E638, Sodium L-aspartate, Sodium L aspartate",
E639,DL-alanine,"E639, DL-alanine, DL alanine",
E640,Glycine and its sodium salt,"E640, Glycine and its sodium salt",
E640I,Glycine,"E640i, Glycine",
E640II,Sodiumglycinate,"E640ii, Sodiumglycinate",
E641,Leucine,"E641, Leucine, L-Leucine",
E642,L-lysine hydrochloride,"E642, L-lysine hydrochloride, L lysine hydrochloride",
E650,Zinc acetate,"E650, Zinc acetate, zinc salt",
E900,Dimethylpolysiloxane and Methylphenylpolysiloxane,"E900, Dimethylpolysiloxane and Methylphenylpolysiloxane",
E900A,Dimethyl polysiloxane,"E900a, Dimethyl polysiloxane, Polydimethyl siloxane, Silicone fluid, Silicone oil, Polydimethylsiloxane, dimethicone, dimethylpolysiloxane",emulsifier
E901,white and yellow beeswax,"E901, white and yellow beeswax, beeswax, white beeswax, yellow beeswax, white wax","carrier, emulsifier, stabiliser, thickener"
E902,Candelilla wax,"E902, Candelilla wax","carrier, emulsifier, thickener"
E903,Carnauba wax,"E903, Carnauba wax, carnauba wax coating agents",carrier
E904,Shellac,"E904, Shellac, Bleached shellac",
E905,Synthetic wax,"E905, Synthetic wax, Hydrocarbon wax, Fischer-Tropsch wax",
E905A,mineral oil,"E905a, mineral oil",
E905B,petroleum jelly,"E905b, petroleum jelly, petrolatum, white petrolatum, soft paraffin, multi-hydrocarbon",
E905C,Petroleum wax,"E905c, Petroleum wax",
E905CI,Microcrystalline wax,"E905ci, Microcrystalline wax",
E905CII,Paraffin wax,"E905cii, Paraffin wax",
E906,Benzoin resin,"E906, Benzoin resin",
E907,Hydrogenated poly-1-decene,"E907, Hydrogenated poly-1-decene, Hydrogenated polydec-1-ene, Crystalline wax",
E908,Rice bran wax,"E908, Rice bran wax",
E909,Spermaceti,"E909, Spermaceti",
E910,Wax ester,"E910, Wax ester",
E911,Fatty acid methyl ester,"E911, Fatty acid methyl ester",
E912,Montanic acid esters,"E912, Montanic acid esters, Montan acid esters",
E913,Lanolin,"E913, Lanolin, sheep wool grease, wool wax, wool grease",
E914,Oxidised polyethylene wax,"E914, Oxidised polyethylene wax",
E916,Calcium iodate,"E916, Calcium iodate",
E917,potassium iodate,"E917, potassium iodate",
E919,Nitrosyl chloride,"E919, Nitrosyl chloride",
E920,l-cysteine,"E920, l-cysteine, L-cysteine hydrochloride, L-Cysteine, L-2-Amino-3-mercaptopropionic acid, L-Cys, (R)-2-Amino-3-mercaptopropanoic acid, (2R)-2-amino-3-sulfanylpropanoic acid, (2R)-2-amino-3-mercaptopropanoic acid",
E921,L-cysteine hydrochloride monohydrate,"E921, L-cysteine hydrochloride monohydrate",
E922,Potassium persulfate,"E922, Potassium persulfate",
E923,ammonium persulfate,"E923, ammonium persulfate",
E924A,Potassium bromate,"E924a, Potassium bromate",
E925,Chlorine,"E925, Chlorine, element 17",
E926,Chlorine dioxide,"E926, Chlorine dioxide",
E927,Azodicarbonamide and Carbamide,"E927, Azodicarbonamide and Carbamide",
E927A,Azodicarbonamide,"E927a, Azodicarbonamide",
E927B,Carbamide,"E927b, Carbamide, urea",
E928,Benzole peroxide,"E928, Benzole peroxide, benzoyl peroxide",preservative
E929,acetone peroxide,"E929, acetone peroxide, Mother of Satan, Triacetone Triperoxide, Peroxyacetone",
E930,calcium peroxide,"E930, calcium peroxide",
E931,Nitrogen,"E931, Nitrogen",
E932,Nitrogen oxide,"E932, Nitrogen oxide",
E938,Argon,"E938, Argon, element 18",
E939,Helium,"E939, Helium, element 2",
E941,Nitrogen,"E941, Nitrogen, nitrogen E941",propellent-gas
E942,Nitrous oxide,"E942, Nitrous oxide, propellent gas E942","antioxidant, propellent-gas"
E943A,Butane,"E943a, Butane",
E943B,Isobutane,"E943b, Isobutane",
E944,Propane,"E944, Propane",
E946,octafluorocyclobutane,"E946, octafluorocyclobutane",
E948,Oxygen,"E948, Oxygen, element 8",
E949,Hydrogen,"E949, Hydrogen",
E950,Acesulfame k,"E950, Acesulfame k, Acesulfame potassium",sweetener
E951,Aspartame,"E951, Aspartame, 1-Methyl N-L-alpha-aspartyl-L-phenylalanine, Asp-phe-ome, 3-Amino-N-(alpha-methoxycarbonylphenethyl) succinamic acid, 3-Amino-N-(α-carboxyphenethyl)succinamic acid N-methyl ester, L-Aspartyl-L-phenylalanine methyl ester, 1-methyl N-L-α-aspartyl-L-phenylalanate, Aspartylphenylalanine methyl ester, 3-Amino-N-(alpha-carboxyphenethyl)succinamic acid N-methyl ester, 3-Amino-N-(α-methoxycarbonylphenethyl) succinamic acid, 1-Methyl N-L-alpha-aspartyl-L-phenylalanate",sweetener
E952,Cyclamic acid and its Na and Ca salts,"E952, Cyclamic acid and its Na and Ca salts, Cyclamic acid, sodium cyclamate, cyclamates",sweetener
E953,isomalt,"E953, isomalt","stabiliser, sweetener, thickener"
E954,saccharin and its salts,"E954, saccharin and its salts, saccharin, saccharin sodium salt, saccharin sodium, sodium saccharin salt, saccharin calcium salt, saccharin calcium, calcium saccharine, saccharin potassium salt, saccharine potassium, potassium saccharine, sodium saccharin",sweetener
E955,Sucralose,"E955, Sucralose",sweetener
E957,Thaumatin,"E957, Thaumatin",sweetener
E958,Glycyrrhizin,"E958, Glycyrrhizin",sweetener
E959,Neohesperidine dihydrochalcone,"E959, Neohesperidine dihydrochalcone, Neohesperidin dihydrochalcone, Neohesperidine DC, NHDC",sweetener
E960,Steviol glycosides,"E960, Steviol glycosides, Steviol glycoside, stevia rebaudiana extract, stevia leaf extract, steviol",sweetener
E960A,Steviol glycosides from Stevia,"E960a, Steviol glycosides from Stevia",sweetener
E960C,Enzymatically produced steviol glycosides,"E960c, Enzymatically produced steviol glycosides",sweetener
E960D,Glucosylated steviol glycosides,"E960d, Glucosylated steviol glycosides",sweetener
E961,Neotame,"E961, Neotame",sweetener
E962,Salt of aspartame-acesulfame,"E962, Salt of aspartame-acesulfame, Aspartame-acesulfame, Aspartame-acesulfame salt, E-962, E 962",sweetener
E963,Tagatose,"E963, Tagatose",sweetener
E964,Polyglycitol syrup,"E964, Polyglycitol syrup",sweetener
E965,maltitol,"E965, maltitol","emulsifier, humectant, stabiliser, sweetener, thickener"
E965I,D-Maltitol,"E965i, D-Maltitol","emulsifier, humectant, stabiliser, sweetener, thickener"
E965II,Maltitol syrup,"E965ii, Maltitol syrup","emulsifier, humectant, stabiliser, sweetener, thickener"
E966,Lactitol,"E966, Lactitol, Lactit, Lactositol","emulsifier, sweetener, thickener"
E967,Xylitol,"E967, Xylitol","emulsifier, humectant, stabiliser, sweetener, thickener"
E968,Erythritol,"E968, Erythritol, Meso-erythritol, Tetrahydroxybutane, E-968, E 968","humectant, sweetener"
E969,Advantame,"E969, Advantame",sweetener
E999,Quillaia extract,"E999, Quillaia extract, Soapbark extract, Quillay bark extract, Panama bark extract, Quillai extract, Murillo bark extract, Quillaia",emulsifier
,Ammonium and sodium carbonates,ammonium and sodium carbonates,
,dimethyl sulfone,"methylsulfonylmethane, dimethyl sulfone, methyl sulfone",
